,city_y,temperature_celsius,pm2_5
0,munich,7.5508264462809915,40.03859504132232
1,tokyo,12.685728952772074,39.741026694045175
